Workbook

Sheet Dados
A1: Data | B1: ICO2_Fechamento | C1: Ibovespa_Fechamento | D1: ICO2_LogRetorno | E1: Ibovespa_LogRetorno | F1: Ano
A2: 44440 | B2: 2386.8501 | C2: 119396 | F2: =YEAR(A2) -> 2021
A3: 44441 | B3: 2321.55 | C3: 116677 | D3: =LN(B3/B2) -> -0.027739481 | E3: =LN(C3/C2) -> -0.023036266 | F3: =YEAR(A3) -> 2021
A4: 44442 | B4: 2326.8799 | C4: 116933 | D4: =LN(B4/B3) -> 0.0022932054 | E4: =LN(C4/C3) -> 0.0021916879 | F4: =YEAR(A4) -> 2021
A5: 44445 | B5: 2361.47 | C5: 117869 | D5: =LN(B5/B4) -> 0.014756035 | E5: =LN(C5/C4) -> 0.0079727171 | F5: =YEAR(A5) -> 2021
A6: 44447 | B6: 2264.74 | C6: 113413 | D6: =LN(B6/B5) -> -0.041824344 | E6: =LN(C6/C5) -> -0.038537815 | F6: =YEAR(A6) -> 2021
A7: 44448 | B7: 2313.6101 | C7: 115361 | D7: =LN(B7/B6) -> 0.021349156 | E7: =LN(C7/C6) -> 0.017030319 | F7: =YEAR(A7) -> 2021
A8: 44449 | B8: 2287.3101 | C8: 114286 | D8: =LN(B8/B7) -> -0.01143262 | E8: =LN(C8/C7) -> -0.0093622634 | F8: =YEAR(A8) -> 2021
A9: 44452 | B9: 2333.3899 | C9: 116404 | D9: =LN(B9/B8) -> 0.019945605 | E9: =LN(C9/C8) -> 0.01836282 | F9: =YEAR(A9) -> 2021
A10: 44453 | B10: 2330.3601 | C10: 116181 | D10: =LN(B10/B9) -> -0.001299298 | E10: =LN(C10/C9) -> -0.0019175791 | F10: =YEAR(A10) -> 2021
A11: 44454 | B11: 2300.95 | C11: 115063 | D11: =LN(B11/B10) -> -0.012700724 | E11: =LN(C11/C10) -> -0.0096695154 | F11: =YEAR(A11) -> 2021
A12: 44455 | B12: 2291.9099 | C12: 113794 | D12: =LN(B12/B11) -> -0.0039365937 | E12: =LN(C12/C11) -> -0.011090008 | F12: =YEAR(A12) -> 2021
A13: 44456 | B13: 2251.8701 | C13: 111439 | D13: =LN(B13/B12) -> -0.017624461 | E13: =LN(C13/C12) -> -0.02091244 | F13: =YEAR(A13) -> 2021
A14: 44459 | B14: 2201.95 | C14: 108844 | D14: =LN(B14/B13) -> -0.022417695 | E14: =LN(C14/C13) -> -0.023561692 | F14: =YEAR(A14) -> 2021
... A1248: 46265 | B1248: 3164.1001 | C1248: 177419 | D1248: =LN(B1248/B1247) -> 0.014933524 | E1248: =LN(C1248/C1247) -> 0.0099353946 | F1248: =YEAR(A1248) -> 2026

Sheet Tabela1_Estatisticas
A1: Tabela 1 — Estatísticas descritivas dos log-retornos diários (ICO2 x Ibovespa), 2021–2026
A3: Ano | B3: Índice | C3: Obs. | D3: Média | E3: Desvio Padrão | F3: Mínimo | G3: Máximo | H3: Assimetria | I3: Curtose
A4: 2021 | B4: ICO2 | C4: =COUNTIFS(Dados!$F$2:$F$1248,A4,Dados!$D$2:$D$1248,"<>") -> 81 | D4: =AVERAGEIFS(Dados!$D$2:$D$1248,Dados!$F$2:$F$1248,A4) -> -0.0019471736 | E4: {=STDEV(IF(Dados!$F$2:$F$1248=A4,Dados!$D$2:$D$1248))} -> 0.016013078 | F4: =_xlfn.MINIFS(Dados!$D$2:$D$1248,Dados!$F$2:$F$1248,A4) -> -0.041824344 | G4: =_xlfn.MAXIFS(Dados!$D$2:$D$1248,Dados!$F$2:$F$1248,A4) -> 0.028213914 | H4: {=SKEW(IF(Dados!$F$2:$F$1248=A4,Dados!$D$2:$D$1248))} -> -0.36703939 | I4: {=KURT(IF(Dados!$F$2:$F$1248=A4,Dados!$D$2:$D$1248))} -> -0.55577218
A5: 2021 | B5: Ibovespa | C5: =COUNTIFS(Dados!$F$2:$F$1248,A5,Dados!$E$2:$E$1248,"<>") -> 81 | D5: =AVERAGEIFS(Dados!$E$2:$E$1248,Dados!$F$2:$F$1248,A5) -> -0.0016071855 | E5: {=STDEV(IF(Dados!$F$2:$F$1248=A5,Dados!$E$2:$E$1248))} -> 0.014805017 | F5: =_xlfn.MINIFS(Dados!$E$2:$E$1248,Dados!$F$2:$F$1248,A5) -> -0.038537815 | G5: =_xlfn.MAXIFS(Dados!$E$2:$E$1248,Dados!$F$2:$F$1248,A5) -> 0.035971351 | H5: {=SKEW(IF(Dados!$F$2:$F$1248=A5,Dados!$E$2:$E$1248))} -> -0.32231959 | I5: {=KURT(IF(Dados!$F$2:$F$1248=A5,Dados!$E$2:$E$1248))} -> -0.1107423
A6: 2022 | B6: ICO2 | C6: =COUNTIFS(Dados!$F$2:$F$1248,A6,Dados!$D$2:$D$1248,"<>") -> 250 | D6: =AVERAGEIFS(Dados!$D$2:$D$1248,Dados!$F$2:$F$1248,A6) -> -0.00018574558 | E6: {=STDEV(IF(Dados!$F$2:$F$1248=A6,Dados!$D$2:$D$1248))} -> 0.014202045 | F6: =_xlfn.MINIFS(Dados!$D$2:$D$1248,Dados!$F$2:$F$1248,A6) -> -0.046142772 | G6: =_xlfn.MAXIFS(Dados!$D$2:$D$1248,Dados!$F$2:$F$1248,A6) -> 0.056676129 | H6: {=SKEW(IF(Dados!$F$2:$F$1248=A6,Dados!$D$2:$D$1248))} -> 0.0028809692 | I6: {=KURT(IF(Dados!$F$2:$F$1248=A6,Dados!$D$2:$D$1248))} -> 0.8742203
A7: 2022 | B7: Ibovespa | C7: =COUNTIFS(Dados!$F$2:$F$1248,A7,Dados!$E$2:$E$1248,"<>") -> 250 | D7: =AVERAGEIFS(Dados!$E$2:$E$1248,Dados!$F$2:$F$1248,A7) -> 0.00018321878 | E7: {=STDEV(IF(Dados!$F$2:$F$1248=A7,Dados!$E$2:$E$1248))} -> 0.013250963 | F7: =_xlfn.MINIFS(Dados!$E$2:$E$1248,Dados!$F$2:$F$1248,A7) -> -0.034074618 | G7: =_xlfn.MAXIFS(Dados!$E$2:$E$1248,Dados!$F$2:$F$1248,A7) -> 0.053928024 | H7: {=SKEW(IF(Dados!$F$2:$F$1248=A7,Dados!$E$2:$E$1248))} -> -0.031346179 | I7: {=KURT(IF(Dados!$F$2:$F$1248=A7,Dados!$E$2:$E$1248))} -> 0.49101444
A8: 2023 | B8: ICO2 | C8: =COUNTIFS(Dados!$F$2:$F$1248,A8,Dados!$D$2:$D$1248,"<>") -> 248 | D8: =AVERAGEIFS(Dados!$D$2:$D$1248,Dados!$F$2:$F$1248,A8) -> 0.00090258931 | E8: {=STDEV(IF(Dados!$F$2:$F$1248=A8,Dados!$D$2:$D$1248))} -> 0.011751031 | F8: =_xlfn.MINIFS(Dados!$D$2:$D$1248,Dados!$F$2:$F$1248,A8) -> -0.035769469 | G8: =_xlfn.MAXIFS(Dados!$D$2:$D$1248,Dados!$F$2:$F$1248,A8) -> 0.040691259 | H8: {=SKEW(IF(Dados!$F$2:$F$1248=A8,Dados!$D$2:$D$1248))} -> 0.075589626 | I8: {=KURT(IF(Dados!$F$2:$F$1248=A8,Dados!$D$2:$D$1248))} -> 0.10573215
A9: 2023 | B9: Ibovespa | C9: =COUNTIFS(Dados!$F$2:$F$1248,A9,Dados!$E$2:$E$1248,"<>") -> 248 | D9: =AVERAGEIFS(Dados!$E$2:$E$1248,Dados!$F$2:$F$1248,A9) -> 0.00081109305 | E9: {=STDEV(IF(Dados!$F$2:$F$1248=A9,Dados!$E$2:$E$1248))} -> 0.010822268 | F9: =_xlfn.MINIFS(Dados!$E$2:$E$1248,Dados!$F$2:$F$1248,A9) -> -0.031088381 | G9: =_xlfn.MAXIFS(Dados!$E$2:$E$1248,Dados!$F$2:$F$1248,A9) -> 0.04198424 | H9: {=SKEW(IF(Dados!$F$2:$F$1248=A9,Dados!$E$2:$E$1248))} -> 0.15487607 | I9: {=KURT(IF(Dados!$F$2:$F$1248=A9,Dados!$E$2:$E$1248))} -> 0.39754723
A10: 2024 | B10: ICO2 | C10: =COUNTIFS(Dados!$F$2:$F$1248,A10,Dados!$D$2:$D$1248,"<>") -> 251 | D10: =AVERAGEIFS(Dados!$D$2:$D$1248,Dados!$F$2:$F$1248,A10) -> -0.00046793376 | E10: {=STDEV(IF(Dados!$F$2:$F$1248=A10,Dados!$D$2:$D$1248))} -> 0.0092251036 | F10: =_xlfn.MINIFS(Dados!$D$2:$D$1248,Dados!$F$2:$F$1248,A10) -> -0.034201599 | G10: =_xlfn.MAXIFS(Dados!$D$2:$D$1248,Dados!$F$2:$F$1248,A10) -> 0.023682776 | H10: {=SKEW(IF(Dados!$F$2:$F$1248=A10,Dados!$D$2:$D$1248))} -> -0.36897603 | I10: {=KURT(IF(Dados!$F$2:$F$1248=A10,Dados!$D$2:$D$1248))} -> 0.73027651
A11: 2024 | B11: Ibovespa | C11: =COUNTIFS(Dados!$F$2:$F$1248,A11,Dados!$E$2:$E$1248,"<>") -> 251 | D11: =AVERAGEIFS(Dados!$E$2:$E$1248,Dados!$F$2:$F$1248,A11) -> -0.0004357456 | E11: {=STDEV(IF(Dados!$F$2:$F$1248=A11,Dados!$E$2:$E$1248))} -> 0.0081282671 | F11: =_xlfn.MINIFS(Dados!$E$2:$E$1248,Dados!$F$2:$F$1248,A11) -> -0.031990344 | G11: =_xlfn.MAXIFS(Dados!$E$2:$E$1248,Dados!$F$2:$F$1248,A11) -> 0.021883831 | H11: {=SKEW(IF(Dados!$F$2:$F$1248=A11,Dados!$E$2:$E$1248))} -> -0.34088894 | I11: {=KURT(IF(Dados!$F$2:$F$1248=A11,Dados!$E$2:$E$1248))} -> 0.82065794
A12: 2025 | B12: ICO2 | C12: =COUNTIFS(Dados!$F$2:$F$1248,A12,Dados!$D$2:$D$1248,"<>") -> 250 | D12: =AVERAGEIFS(Dados!$D$2:$D$1248,Dados!$F$2:$F$1248,A12) -> 0.0013628069 | E12: {=STDEV(IF(Dados!$F$2:$F$1248=A12,Dados!$D$2:$D$1248))} -> 0.012116193 | F12: =_xlfn.MINIFS(Dados!$D$2:$D$1248,Dados!$F$2:$F$1248,A12) -> -0.056705467 | G12: =_xlfn.MAXIFS(Dados!$D$2:$D$1248,Dados!$F$2:$F$1248,A12) -> 0.036966288 | H12: {=SKEW(IF(Dados!$F$2:$F$1248=A12,Dados!$D$2:$D$1248))} -> -0.26481085 | I12: {=KURT(IF(Dados!$F$2:$F$1248=A12,Dados!$D$2:$D$1248))} -> 2.155549
A13: 2025 | B13: Ibovespa | C13: =COUNTIFS(Dados!$F$2:$F$1248,A13,Dados!$E$2:$E$1248,"<>") -> 250 | D13: =AVERAGEIFS(Dados!$E$2:$E$1248,Dados!$F$2:$F$1248,A13) -> 0.0011693326 | E13: {=STDEV(IF(Dados!$F$2:$F$1248=A13,Dados!$E$2:$E$1248))} -> 0.009543623 | F13: =_xlfn.MINIFS(Dados!$E$2:$E$1248,Dados!$F$2:$F$1248,A13) -> -0.044049691 | G13: =_xlfn.MAXIFS(Dados!$E$2:$E$1248,Dados!$F$2:$F$1248,A13) -> 0.030702214 | H13: {=SKEW(IF(Dados!$F$2:$F$1248=A13,Dados!$E$2:$E$1248))} -> -0.20374184 | I13: {=KURT(IF(Dados!$F$2:$F$1248=A13,Dados!$E$2:$E$1248))} -> 2.4753531
A14: 2026 | B14: ICO2 | C14: =COUNTIFS(Dados!$F$2:$F$1248,A14,Dados!$D$2:$D$1248,"<>") -> 166 | D14: =AVERAGEIFS(Dados!$D$2:$D$1248,Dados!$F$2:$F$1248,A14) -> 0.00023469333 | E14: {=STDEV(IF(Dados!$F$2:$F$1248=A14,Dados!$D$2:$D$1248))} -> 0.014544827 | F14: =_xlfn.MINIFS(Dados!$D$2:$D$1248,Dados!$F$2:$F$1248,A14) -> -0.037808375 | G14: =_xlfn.MAXIFS(Dados!$D$2:$D$1248,Dados!$F$2:$F$1248,A14) -> 0.045814899 | H14: {=SKEW(IF(Dados!$F$2:$F$1248=A14,Dados!$D$2:$D$1248))} -> 0.16897281 | I14: {=KURT(IF(Dados!$F$2:$F$1248=A14,Dados!$D$2:$D$1248))} -> 0.45247997
A15: 2026 | B15: Ibovespa | C15: =COUNTIFS(Dados!$F$2:$F$1248,A15,Dados!$E$2:$E$1248,"<>") -> 166 | D15: =AVERAGEIFS(Dados!$E$2:$E$1248,Dados!$F$2:$F$1248,A15) -> 0.00058032353 | E15: {=STDEV(IF(Dados!$F$2:$F$1248=A15,Dados!$E$2:$E$1248))} -> 0.01172783 | F15: =_xlfn.MINIFS(Dados!$E$2:$E$1248,Dados!$F$2:$F$1248,A15) -> -0.033310277 | G15: =_xlfn.MAXIFS(Dados!$E$2:$E$1248,Dados!$F$2:$F$1248,A15) -> 0.032774885 | H15: {=SKEW(IF(Dados!$F$2:$F$1248=A15,Dados!$E$2:$E$1248))} -> 0.049143829 | I15: {=KURT(IF(Dados!$F$2:$F$1248=A15,Dados!$E$2:$E$1248))} -> 0.38729447
A16: Total | B16: ICO2 | C16: =COUNT(Dados!$D$2:$D$1248) -> 1246 | D16: =AVERAGE(Dados!$D$2:$D$1248) -> 0.00022623928 | E16: =STDEV(Dados!$D$2:$D$1248) -> 0.012636858 | F16: =MIN(Dados!$D$2:$D$1248) -> -0.056705467 | G16: =MAX(Dados!$D$2:$D$1248) -> 0.056676129 | H16: =SKEW(Dados!$D$2:$D$1248) -> -0.094287683 | I16: =KURT(Dados!$D$2:$D$1248) -> 0.99478355
A17: Total | B17: Ibovespa | C17: =COUNT(Dados!$E$2:$E$1248) -> 1246 | D17: =AVERAGE(Dados!$E$2:$E$1248) -> 0.00031787196 | E17: =STDEV(Dados!$E$2:$E$1248) -> 0.011085398 | F17: =MIN(Dados!$E$2:$E$1248) -> -0.044049691 | G17: =MAX(Dados!$E$2:$E$1248) -> 0.053928024 | H17: =SKEW(Dados!$E$2:$E$1248) -> -0.098730234 | I17: =KURT(Dados!$E$2:$E$1248) -> 1.0315936
A20: Nota: log-retorno = LN(P_t / P_{t-1}); ano de 2021 contém apenas set–dez (81 obs.) e 2026 contém apenas jan–ago (166 obs.).

Sheet Fig2_VolatilidadeMovel
A1: Figura 2 — Volatilidade histórica (janela móvel de 30 dias, anualizada)
A3: Data | B3: Vol_Anualizada_ICO2 | C3: Vol_Anualizada_Ibovespa
A4: =Dados!A32 -> 44484 | B4: =STDEV(Dados!D3:D32)*SQRT(252) -> 0.2772379 | C4: =STDEV(Dados!E3:E32)*SQRT(252) -> 0.25240159
A5: =Dados!A33 -> 44487 | B5: =STDEV(Dados!D4:D33)*SQRT(252) -> 0.26582163 | C5: =STDEV(Dados!E4:E33)*SQRT(252) -> 0.24391498
A6: =Dados!A34 -> 44488 | B6: =STDEV(Dados!D5:D34)*SQRT(252) -> 0.28434119 | C6: =STDEV(Dados!E5:E34)*SQRT(252) -> 0.26145683
A7: =Dados!A35 -> 44489 | B7: =STDEV(Dados!D6:D35)*SQRT(252) -> 0.28218801 | C7: =STDEV(Dados!E6:E35)*SQRT(252) -> 0.25996302
A8: =Dados!A36 -> 44490 | B8: =STDEV(Dados!D7:D36)*SQRT(252) -> 0.27242018 | C8: =STDEV(Dados!E7:E36)*SQRT(252) -> 0.24859659
A9: =Dados!A37 -> 44491 | B9: =STDEV(Dados!D8:D37)*SQRT(252) -> 0.26905131 | C9: =STDEV(Dados!E8:E37)*SQRT(252) -> 0.24428541
A10: =Dados!A38 -> 44494 | B10: =STDEV(Dados!D9:D38)*SQRT(252) -> 0.27578474 | C10: =STDEV(Dados!E9:E38)*SQRT(252) -> 0.25402806
A11: =Dados!A39 -> 44495 | B11: =STDEV(Dados!D10:D39)*SQRT(252) -> 0.27509839 | C11: =STDEV(Dados!E10:E39)*SQRT(252) -> 0.25288375
A12: =Dados!A40 -> 44496 | B12: =STDEV(Dados!D11:D40)*SQRT(252) -> 0.27594998 | C12: =STDEV(Dados!E11:E40)*SQRT(252) -> 0.25296633
A13: =Dados!A41 -> 44497 | B13: =STDEV(Dados!D12:D41)*SQRT(252) -> 0.27466132 | C13: =STDEV(Dados!E12:E41)*SQRT(252) -> 0.25236445
A14: =Dados!A42 -> 44498 | B14: =STDEV(Dados!D13:D42)*SQRT(252) -> 0.27630736 | C14: =STDEV(Dados!E13:E42)*SQRT(252) -> 0.25682255
A15: =Dados!A43 -> 44501 | B15: =STDEV(Dados!D14:D43)*SQRT(252) -> 0.28271989 | C15: =STDEV(Dados!E14:E43)*SQRT(252) -> 0.25932664
... A1220: =Dados!A1248 -> 46265 | B1220: =STDEV(Dados!D1219:D1248)*SQRT(252) -> 0.20611473 | C1220: =STDEV(Dados!E1219:E1248)*SQRT(252) -> 0.17300073

Sheet Figura1_Graficos
A1: Figura 1 — Evolução temporal dos índices e log-retornos (2021–2026)
